"Name","DirectoryName","Extension"
"index.html","C:\Users\jeremy\Documents\JeremyFontenot.online\_content\docs\archive\brandguide",".html"
"manifest.json","C:\Users\jeremy\Documents\JeremyFontenot.online\_content\docs\archive\brandguide",".json"
"Brand-Guidelines.aspx","C:\Users\jeremy\Documents\JeremyFontenot.online\_content\docs\archive\brandguide\aspx",".aspx"
"BrandGuideHome.aspx","C:\Users\jeremy\Documents\JeremyFontenot.online\_content\docs\archive\brandguide\aspx",".aspx"
"Documentation.aspx","C:\Users\jeremy\Documents\JeremyFontenot.online\_content\docs\archive\brandguide\aspx",".aspx"
"Home.aspx","C:\Users\jeremy\Documents\JeremyFontenot.online\_content\docs\archive\brandguide\aspx",".aspx"
"index.html","C:\Users\jeremy\Documents\JeremyFontenot.online\_content\docs\archive\brandguide\aspx",".html"
"Logos.aspx","C:\Users\jeremy\Documents\JeremyFontenot.online\_content\docs\archive\brandguide\aspx",".aspx"
"SocialMediaKit.aspx","C:\Users\jeremy\Documents\JeremyFontenot.online\_content\docs\archive\brandguide\aspx",".aspx"
"brand-style-brand-tokens.css","C:\Users\jeremy\Documents\JeremyFontenot.online\_content\docs\archive\brandguide\assets\css",".css"
"brand-style-custom.css","C:\Users\jeremy\Documents\JeremyFontenot.online\_content\docs\archive\brandguide\assets\css",".css"
"favicon_128x128.png","C:\Users\jeremy\Documents\JeremyFontenot.online\_content\docs\archive\brandguide\assets\logos",".png"
"favicon_64x64.png","C:\Users\jeremy\Documents\JeremyFontenot.online\_content\docs\archive\brandguide\assets\logos",".png"
"github-mark.svg","C:\Users\jeremy\Documents\JeremyFontenot.online\_content\docs\archive\brandguide\assets\logos",".svg"
"linkedin-icon.svg","C:\Users\jeremy\Documents\JeremyFontenot.online\_content\docs\archive\brandguide\assets\logos",".svg"
"logo_black_3000x3000.png","C:\Users\jeremy\Documents\JeremyFontenot.online\_content\docs\archive\brandguide\assets\logos",".png"
"logo_horizontal_3000x1500.png","C:\Users\jeremy\Documents\JeremyFontenot.online\_content\docs\archive\brandguide\assets\logos",".png"
"logo_horizontal_web_1600x800.avif","C:\Users\jeremy\Documents\JeremyFontenot.online\_content\docs\archive\brandguide\assets\logos",".avif"
"logo_horizontal_web_1600x800.png","C:\Users\jeremy\Documents\JeremyFontenot.online\_content\docs\archive\brandguide\assets\logos",".png"
"logo_horizontal_web_1600x800.webp","C:\Users\jeremy\Documents\JeremyFontenot.online\_content\docs\archive\brandguide\assets\logos",".webp"
"logo_stacked_1500x3000_cropped.png","C:\Users\jeremy\Documents\JeremyFontenot.online\_content\docs\archive\brandguide\assets\logos",".png"
"logo_stacked_1500x3000.original.png","C:\Users\jeremy\Documents\JeremyFontenot.online\_content\docs\archive\brandguide\assets\logos",".png"
"logo_stacked_1500x3000.png","C:\Users\jeremy\Documents\JeremyFontenot.online\_content\docs\archive\brandguide\assets\logos",".png"
"logo_stacked_web_1024.avif","C:\Users\jeremy\Documents\JeremyFontenot.online\_content\docs\archive\brandguide\assets\logos",".avif"
"logo_stacked_web_1024.png","C:\Users\jeremy\Documents\JeremyFontenot.online\_content\docs\archive\brandguide\assets\logos",".png"
"logo_stacked_web_1024.webp","C:\Users\jeremy\Documents\JeremyFontenot.online\_content\docs\archive\brandguide\assets\logos",".webp"
"logo_white_3000x3000.png","C:\Users\jeremy\Documents\JeremyFontenot.online\_content\docs\archive\brandguide\assets\logos",".png"
"primary_logo_transparent_3000x3000.png","C:\Users\jeremy\Documents\JeremyFontenot.online\_content\docs\archive\brandguide\assets\logos",".png"
"primary_logo_web_1200.avif","C:\Users\jeremy\Documents\JeremyFontenot.online\_content\docs\archive\brandguide\assets\logos",".avif"
"primary_logo_web_1200.png","C:\Users\jeremy\Documents\JeremyFontenot.online\_content\docs\archive\brandguide\assets\logos",".png"
"primary_logo_web_1200.webp","C:\Users\jeremy\Documents\JeremyFontenot.online\_content\docs\archive\brandguide\assets\logos",".webp"
"ASSET_MANIFEST.md","C:\Users\jeremy\Documents\JeremyFontenot.online\_content\docs\archive\brandguide\assets\reference",".md"
"GENERATION_REPORT.md","C:\Users\jeremy\Documents\JeremyFontenot.online\_content\docs\archive\brandguide\assets\reference",".md"
"WORKSPACE_FILE_GUIDE.md","C:\Users\jeremy\Documents\JeremyFontenot.online\_content\docs\archive\brandguide\assets\reference",".md"
"linkedin_cover_1584x396.png","C:\Users\jeremy\Documents\JeremyFontenot.online\_content\docs\archive\brandguide\assets\social_media",".png"
"personal_website_banner_1920x480.avif","C:\Users\jeremy\Documents\JeremyFontenot.online\_content\docs\archive\brandguide\assets\social_media",".avif"
"personal_website_banner_1920x480.png","C:\Users\jeremy\Documents\JeremyFontenot.online\_content\docs\archive\brandguide\assets\social_media",".png"
"personal_website_banner_1920x480.webp","C:\Users\jeremy\Documents\JeremyFontenot.online\_content\docs\archive\brandguide\assets\social_media",".webp"
"twitter_cover_1500x500.png","C:\Users\jeremy\Documents\JeremyFontenot.online\_content\docs\archive\brandguide\assets\social_media",".png"
"Brand-Guidelines.html","C:\Users\jeremy\Documents\JeremyFontenot.online\_content\docs\archive\brandguide\html",".html"
"BrandGuideHome.html","C:\Users\jeremy\Documents\JeremyFontenot.online\_content\docs\archive\brandguide\html",".html"
"Documentation.html","C:\Users\jeremy\Documents\JeremyFontenot.online\_content\docs\archive\brandguide\html",".html"
"Home.html","C:\Users\jeremy\Documents\JeremyFontenot.online\_content\docs\archive\brandguide\html",".html"
"index.html","C:\Users\jeremy\Documents\JeremyFontenot.online\_content\docs\archive\brandguide\html",".html"
"Logos.html","C:\Users\jeremy\Documents\JeremyFontenot.online\_content\docs\archive\brandguide\html",".html"
"SocialMediaKit.html","C:\Users\jeremy\Documents\JeremyFontenot.online\_content\docs\archive\brandguide\html",".html"
"architecture-and-topology.html","C:\Users\jeremy\Documents\JeremyFontenot.online\_content\docs\archive\home-lab",".html"
"asset-inventory.html","C:\Users\jeremy\Documents\JeremyFontenot.online\_content\docs\archive\home-lab",".html"
"backup-and-disaster-recovery.html","C:\Users\jeremy\Documents\JeremyFontenot.online\_content\docs\archive\home-lab",".html"
"change-management-and-validation.html","C:\Users\jeremy\Documents\JeremyFontenot.online\_content\docs\archive\home-lab",".html"
"identity-and-access.html","C:\Users\jeremy\Documents\JeremyFontenot.online\_content\docs\archive\home-lab",".html"
"index.html","C:\Users\jeremy\Documents\JeremyFontenot.online\_content\docs\archive\home-lab",".html"
"infrastructure-and-network.html","C:\Users\jeremy\Documents\JeremyFontenot.online\_content\docs\archive\home-lab",".html"
"monitoring-and-logging.html","C:\Users\jeremy\Documents\JeremyFontenot.online\_content\docs\archive\home-lab",".html"
"operations-and-monitoring.html","C:\Users\jeremy\Documents\JeremyFontenot.online\_content\docs\archive\home-lab",".html"
"operations-runbook.html","C:\Users\jeremy\Documents\JeremyFontenot.online\_content\docs\archive\home-lab",".html"
"security-baseline.html","C:\Users\jeremy\Documents\JeremyFontenot.online\_content\docs\archive\home-lab",".html"
"validation-report.html","C:\Users\jeremy\Documents\JeremyFontenot.online\_content\docs\archive\home-lab",".html"
"validation-report.json","C:\Users\jeremy\Documents\JeremyFontenot.online\_content\docs\archive\home-lab",".json"
"index.html","C:\Users\jeremy\Documents\JeremyFontenot.online\_content\docs\archive\M365 PCL",".html"
"Lab-Portfolio.pdf","C:\Users\jeremy\Documents\JeremyFontenot.online\_content\docs\archive\M365 PCL",".pdf"
"manifest.json","C:\Users\jeremy\Documents\JeremyFontenot.online\_content\docs\archive\M365 PCL",".json"
"Architecture-Overview.aspx","C:\Users\jeremy\Documents\JeremyFontenot.online\_content\docs\archive\M365 PCL\aspx",".aspx"
"Architecture.aspx","C:\Users\jeremy\Documents\JeremyFontenot.online\_content\docs\archive\M365 PCL\aspx",".aspx"
"Artifacts-Index.aspx","C:\Users\jeremy\Documents\JeremyFontenot.online\_content\docs\archive\M365 PCL\aspx",".aspx"
"Automation.aspx","C:\Users\jeremy\Documents\JeremyFontenot.online\_content\docs\archive\M365 PCL\aspx",".aspx"
"Change-Architecture-20260306-0200.aspx","C:\Users\jeremy\Documents\JeremyFontenot.online\_content\docs\archive\M365 PCL\aspx",".aspx"
"Change-Architecture-20260306-0345.aspx","C:\Users\jeremy\Documents\JeremyFontenot.online\_content\docs\archive\M365 PCL\aspx",".aspx"
"Change-Architecture-Overview-20260223-0410.aspx","C:\Users\jeremy\Documents\JeremyFontenot.online\_content\docs\archive\M365 PCL\aspx",".aspx"
"Change-Architecture-Overview-20260223-0417.aspx","C:\Users\jeremy\Documents\JeremyFontenot.online\_content\docs\archive\M365 PCL\aspx",".aspx"
"Change-Architecture-Overview-20260223-0427.aspx","C:\Users\jeremy\Documents\JeremyFontenot.online\_content\docs\archive\M365 PCL\aspx",".aspx"
"Change-Architecture-Overview-20260223-0738.aspx","C:\Users\jeremy\Documents\JeremyFontenot.online\_content\docs\archive\M365 PCL\aspx",".aspx"
"Change-Architecture-Overview-20260223-0742.aspx","C:\Users\jeremy\Documents\JeremyFontenot.online\_content\docs\archive\M365 PCL\aspx",".aspx"
"Change-Architecture-Overview-20260306-0200.aspx","C:\Users\jeremy\Documents\JeremyFontenot.online\_content\docs\archive\M365 PCL\aspx",".aspx"
"Change-Artifacts-Index-20260306-0200.aspx","C:\Users\jeremy\Documents\JeremyFontenot.online\_content\docs\archive\M365 PCL\aspx",".aspx"
"Change-Automation-20260306-0200.aspx","C:\Users\jeremy\Documents\JeremyFontenot.online\_content\docs\archive\M365 PCL\aspx",".aspx"
"Change-Automation-20260306-0346.aspx","C:\Users\jeremy\Documents\JeremyFontenot.online\_content\docs\archive\M365 PCL\aspx",".aspx"
"Change-Cleanup-Summary.aspx","C:\Users\jeremy\Documents\JeremyFontenot.online\_content\docs\archive\M365 PCL\aspx",".aspx"
"Change-Conditional-Access-20260306-0200.aspx","C:\Users\jeremy\Documents\JeremyFontenot.online\_content\docs\archive\M365 PCL\aspx",".aspx"
"Change-Endpoint-Management-Intune-20260223-0409.aspx","C:\Users\jeremy\Documents\JeremyFontenot.online\_content\docs\archive\M365 PCL\aspx",".aspx"
"Change-Endpoint-Management-Intune-20260223-0417.aspx","C:\Users\jeremy\Documents\JeremyFontenot.online\_content\docs\archive\M365 PCL\aspx",".aspx"
"Change-Endpoint-Management-Intune-20260223-0426.aspx","C:\Users\jeremy\Documents\JeremyFontenot.online\_content\docs\archive\M365 PCL\aspx",".aspx"
"Change-Endpoint-Management-Intune-20260223-0738.aspx","C:\Users\jeremy\Documents\JeremyFontenot.online\_content\docs\archive\M365 PCL\aspx",".aspx"
"Change-Endpoint-Management-Intune-20260223-0742.aspx","C:\Users\jeremy\Documents\JeremyFontenot.online\_content\docs\archive\M365 PCL\aspx",".aspx"
"Change-Exchange-20260307-0200.aspx","C:\Users\jeremy\Documents\JeremyFontenot.online\_content\docs\archive\M365 PCL\aspx",".aspx"
"Change-Exchange-Online-20260223-0409.aspx","C:\Users\jeremy\Documents\JeremyFontenot.online\_content\docs\archive\M365 PCL\aspx",".aspx"
"Change-Exchange-Online-20260223-0417.aspx","C:\Users\jeremy\Documents\JeremyFontenot.online\_content\docs\archive\M365 PCL\aspx",".aspx"
"Change-Exchange-Online-20260223-0426.aspx","C:\Users\jeremy\Documents\JeremyFontenot.online\_content\docs\archive\M365 PCL\aspx",".aspx"
"Change-Exchange-Online-20260223-0738.aspx","C:\Users\jeremy\Documents\JeremyFontenot.online\_content\docs\archive\M365 PCL\aspx",".aspx"
"Change-Exchange-Online-20260223-0742.aspx","C:\Users\jeremy\Documents\JeremyFontenot.online\_content\docs\archive\M365 PCL\aspx",".aspx"
"Change-Home-20260227-1151.aspx","C:\Users\jeremy\Documents\JeremyFontenot.online\_content\docs\archive\M365 PCL\aspx",".aspx"
"Change-Home-20260227-1753.aspx","C:\Users\jeremy\Documents\JeremyFontenot.online\_content\docs\archive\M365 PCL\aspx",".aspx"
"Change-Home-20260305-0200.aspx","C:\Users\jeremy\Documents\JeremyFontenot.online\_content\docs\archive\M365 PCL\aspx",".aspx"
"Change-Home-20260306-0345.aspx","C:\Users\jeremy\Documents\JeremyFontenot.online\_content\docs\archive\M365 PCL\aspx",".aspx"
"Change-Home-20260314-1157.aspx","C:\Users\jeremy\Documents\JeremyFontenot.online\_content\docs\archive\M365 PCL\aspx",".aspx"
"Change-Home-20260330-0918.aspx","C:\Users\jeremy\Documents\JeremyFontenot.online\_content\docs\archive\M365 PCL\aspx",".aspx"
"Change-Home-20260401-1000.aspx","C:\Users\jeremy\Documents\JeremyFontenot.online\_content\docs\archive\M365 PCL\aspx",".aspx"
"Change-Identity-20260307-0200.aspx","C:\Users\jeremy\Documents\JeremyFontenot.online\_content\docs\archive\M365 PCL\aspx",".aspx"
"Change-Identity-and-Security-20260223-0409.aspx","C:\Users\jeremy\Documents\JeremyFontenot.online\_content\docs\archive\M365 PCL\aspx",".aspx"
"Change-Identity-and-Security-20260223-0417.aspx","C:\Users\jeremy\Documents\JeremyFontenot.online\_content\docs\archive\M365 PCL\aspx",".aspx"
"Change-Identity-and-Security-20260223-0426.aspx","C:\Users\jeremy\Documents\JeremyFontenot.online\_content\docs\archive\M365 PCL\aspx",".aspx"
"Change-Identity-and-Security-20260223-0738.aspx","C:\Users\jeremy\Documents\JeremyFontenot.online\_content\docs\archive\M365 PCL\aspx",".aspx"
"Change-Identity-and-Security-20260223-0742.aspx","C:\Users\jeremy\Documents\JeremyFontenot.online\_content\docs\archive\M365 PCL\aspx",".aspx"
"Change-Identity-and-Security-20260403-0300.aspx","C:\Users\jeremy\Documents\JeremyFontenot.online\_content\docs\archive\M365 PCL\aspx",".aspx"
"Change-Intune-20260307-0200.aspx","C:\Users\jeremy\Documents\JeremyFontenot.online\_content\docs\archive\M365 PCL\aspx",".aspx"
"Change-Lab-Overview-20260307-0200.aspx","C:\Users\jeremy\Documents\JeremyFontenot.online\_content\docs\archive\M365 PCL\aspx",".aspx"
"Change-Log.aspx","C:\Users\jeremy\Documents\JeremyFontenot.online\_content\docs\archive\M365 PCL\aspx",".aspx"
"Change-New-Home-20260223-0410.aspx","C:\Users\jeremy\Documents\JeremyFontenot.online\_content\docs\archive\M365 PCL\aspx",".aspx"
"Change-New-Home-20260223-0418.aspx","C:\Users\jeremy\Documents\JeremyFontenot.online\_content\docs\archive\M365 PCL\aspx",".aspx"
"Change-New-Home-20260223-0427.aspx","C:\Users\jeremy\Documents\JeremyFontenot.online\_content\docs\archive\M365 PCL\aspx",".aspx"
"Change-New-Home-20260223-0738.aspx","C:\Users\jeremy\Documents\JeremyFontenot.online\_content\docs\archive\M365 PCL\aspx",".aspx"
"Change-New-Home-20260223-0742.aspx","C:\Users\jeremy\Documents\JeremyFontenot.online\_content\docs\archive\M365 PCL\aspx",".aspx"
"Change-New-Home-20260227-0849.aspx","C:\Users\jeremy\Documents\JeremyFontenot.online\_content\docs\archive\M365 PCL\aspx",".aspx"
"Change-New-Home-20260227-1151.aspx","C:\Users\jeremy\Documents\JeremyFontenot.online\_content\docs\archive\M365 PCL\aspx",".aspx"
"Change-New-Home-20260227-1753.aspx","C:\Users\jeremy\Documents\JeremyFontenot.online\_content\docs\archive\M365 PCL\aspx",".aspx"
"Change-Portfolio-Summary-20260306-0345.aspx","C:\Users\jeremy\Documents\JeremyFontenot.online\_content\docs\archive\M365 PCL\aspx",".aspx"
"Change-Power-Platform-20260223-0410.aspx","C:\Users\jeremy\Documents\JeremyFontenot.online\_content\docs\archive\M365 PCL\aspx",".aspx"
"Change-Power-Platform-20260223-0418.aspx","C:\Users\jeremy\Documents\JeremyFontenot.online\_content\docs\archive\M365 PCL\aspx",".aspx"
"Change-Power-Platform-20260223-0427.aspx","C:\Users\jeremy\Documents\JeremyFontenot.online\_content\docs\archive\M365 PCL\aspx",".aspx"
"Change-Power-Platform-20260223-0738.aspx","C:\Users\jeremy\Documents\JeremyFontenot.online\_content\docs\archive\M365 PCL\aspx",".aspx"
"Change-Power-Platform-20260223-0742.aspx","C:\Users\jeremy\Documents\JeremyFontenot.online\_content\docs\archive\M365 PCL\aspx",".aspx"
"Change-Scripts-and-Automation-20260223-0410.aspx","C:\Users\jeremy\Documents\JeremyFontenot.online\_content\docs\archive\M365 PCL\aspx",".aspx"
"Change-Scripts-and-Automation-20260223-0418.aspx","C:\Users\jeremy\Documents\JeremyFontenot.online\_content\docs\archive\M365 PCL\aspx",".aspx"
"Change-Scripts-and-Automation-20260223-0427.aspx","C:\Users\jeremy\Documents\JeremyFontenot.online\_content\docs\archive\M365 PCL\aspx",".aspx"
"Change-Scripts-and-Automation-20260223-0738.aspx","C:\Users\jeremy\Documents\JeremyFontenot.online\_content\docs\archive\M365 PCL\aspx",".aspx"
"Change-Scripts-and-Automation-20260223-0742.aspx","C:\Users\jeremy\Documents\JeremyFontenot.online\_content\docs\archive\M365 PCL\aspx",".aspx"
"Change-Scripts-Used_BACKUP_20260227-205559-20260228-0200.aspx","C:\Users\jeremy\Documents\JeremyFontenot.online\_content\docs\archive\M365 PCL\aspx",".aspx"
"Change-Scripts-Used-20260223-0409.aspx","C:\Users\jeremy\Documents\JeremyFontenot.online\_content\docs\archive\M365 PCL\aspx",".aspx"
"Change-Scripts-Used-20260223-0417.aspx","C:\Users\jeremy\Documents\JeremyFontenot.online\_content\docs\archive\M365 PCL\aspx",".aspx"
"Change-Scripts-Used-20260223-0426.aspx","C:\Users\jeremy\Documents\JeremyFontenot.online\_content\docs\archive\M365 PCL\aspx",".aspx"
"Change-Scripts-Used-20260223-0737.aspx","C:\Users\jeremy\Documents\JeremyFontenot.online\_content\docs\archive\M365 PCL\aspx",".aspx"
"Change-Scripts-Used-20260223-0741.aspx","C:\Users\jeremy\Documents\JeremyFontenot.online\_content\docs\archive\M365 PCL\aspx",".aspx"
"Change-Security-20260307-0200.aspx","C:\Users\jeremy\Documents\JeremyFontenot.online\_content\docs\archive\M365 PCL\aspx",".aspx"
"Change-Validation-20260306-0345.aspx","C:\Users\jeremy\Documents\JeremyFontenot.online\_content\docs\archive\M365 PCL\aspx",".aspx"
"Change-Validation-Results.aspx","C:\Users\jeremy\Documents\JeremyFontenot.online\_content\docs\archive\M365 PCL\aspx",".aspx"
"Cleanup-Summary.aspx","C:\Users\jeremy\Documents\JeremyFontenot.online\_content\docs\archive\M365 PCL\aspx",".aspx"
"Collaboration.aspx","C:\Users\jeremy\Documents\JeremyFontenot.online\_content\docs\archive\M365 PCL\aspx",".aspx"
"Conditional-Access.aspx","C:\Users\jeremy\Documents\JeremyFontenot.online\_content\docs\archive\M365 PCL\aspx",".aspx"
"Endpoint-Management-Intune.aspx","C:\Users\jeremy\Documents\JeremyFontenot.online\_content\docs\archive\M365 PCL\aspx",".aspx"
"Endpoint-Management.aspx","C:\Users\jeremy\Documents\JeremyFontenot.online\_content\docs\archive\M365 PCL\aspx",".aspx"
"Exchange-Online.aspx","C:\Users\jeremy\Documents\JeremyFontenot.online\_content\docs\archive\M365 PCL\aspx",".aspx"
"Exchange-Setup.aspx","C:\Users\jeremy\Documents\JeremyFontenot.online\_content\docs\archive\M365 PCL\aspx",".aspx"
"Exchange.aspx","C:\Users\jeremy\Documents\JeremyFontenot.online\_content\docs\archive\M365 PCL\aspx",".aspx"
"Home.aspx","C:\Users\jeremy\Documents\JeremyFontenot.online\_content\docs\archive\M365 PCL\aspx",".aspx"
"Identity-and-Security.aspx","C:\Users\jeremy\Documents\JeremyFontenot.online\_content\docs\archive\M365 PCL\aspx",".aspx"
"Identity-Setup.aspx","C:\Users\jeremy\Documents\JeremyFontenot.online\_content\docs\archive\M365 PCL\aspx",".aspx"
"Identity.aspx","C:\Users\jeremy\Documents\JeremyFontenot.online\_content\docs\archive\M365 PCL\aspx",".aspx"
"index.html","C:\Users\jeremy\Documents\JeremyFontenot.online\_content\docs\archive\M365 PCL\aspx",".html"
"Intune-Setup.aspx","C:\Users\jeremy\Documents\JeremyFontenot.online\_content\docs\archive\M365 PCL\aspx",".aspx"
"Intune.aspx","C:\Users\jeremy\Documents\JeremyFontenot.online\_content\docs\archive\M365 PCL\aspx",".aspx"
"Lab-Overview.aspx","C:\Users\jeremy\Documents\JeremyFontenot.online\_content\docs\archive\M365 PCL\aspx",".aspx"
"MFA-Enforcement.aspx","C:\Users\jeremy\Documents\JeremyFontenot.online\_content\docs\archive\M365 PCL\aspx",".aspx"
"New-Home.aspx","C:\Users\jeremy\Documents\JeremyFontenot.online\_content\docs\archive\M365 PCL\aspx",".aspx"
"Operations.aspx","C:\Users\jeremy\Documents\JeremyFontenot.online\_content\docs\archive\M365 PCL\aspx",".aspx"
"Portfolio-Summary.aspx","C:\Users\jeremy\Documents\JeremyFontenot.online\_content\docs\archive\M365 PCL\aspx",".aspx"
"Power-Platform.aspx","C:\Users\jeremy\Documents\JeremyFontenot.online\_content\docs\archive\M365 PCL\aspx",".aspx"
"Resume-Summary.aspx","C:\Users\jeremy\Documents\JeremyFontenot.online\_content\docs\archive\M365 PCL\aspx",".aspx"
"Scripts-and-Automation.aspx","C:\Users\jeremy\Documents\JeremyFontenot.online\_content\docs\archive\M365 PCL\aspx",".aspx"
"Scripts-Automation.aspx","C:\Users\jeremy\Documents\JeremyFontenot.online\_content\docs\archive\M365 PCL\aspx",".aspx"
"Scripts-Used_BACKUP_20260227-205559.aspx","C:\Users\jeremy\Documents\JeremyFontenot.online\_content\docs\archive\M365 PCL\aspx",".aspx"
"Scripts-Used_BACKUP_20260227-210344.aspx","C:\Users\jeremy\Documents\JeremyFontenot.online\_content\docs\archive\M365 PCL\aspx",".aspx"
"Scripts-Used_BACKUP_20260227-210614.aspx","C:\Users\jeremy\Documents\JeremyFontenot.online\_content\docs\archive\M365 PCL\aspx",".aspx"
"Scripts-Used.aspx","C:\Users\jeremy\Documents\JeremyFontenot.online\_content\docs\archive\M365 PCL\aspx",".aspx"
"Security-Baselines.aspx","C:\Users\jeremy\Documents\JeremyFontenot.online\_content\docs\archive\M365 PCL\aspx",".aspx"
"Security-Overview.aspx","C:\Users\jeremy\Documents\JeremyFontenot.online\_content\docs\archive\M365 PCL\aspx",".aspx"
"Security.aspx","C:\Users\jeremy\Documents\JeremyFontenot.online\_content\docs\archive\M365 PCL\aspx",".aspx"
"SharePoint-OneDrive.aspx","C:\Users\jeremy\Documents\JeremyFontenot.online\_content\docs\archive\M365 PCL\aspx",".aspx"
"Start-Here.aspx","C:\Users\jeremy\Documents\JeremyFontenot.online\_content\docs\archive\M365 PCL\aspx",".aspx"
"Teams-Setup.aspx","C:\Users\jeremy\Documents\JeremyFontenot.online\_content\docs\archive\M365 PCL\aspx",".aspx"
"Teams.aspx","C:\Users\jeremy\Documents\JeremyFontenot.online\_content\docs\archive\M365 PCL\aspx",".aspx"
"Validation-Audit.aspx","C:\Users\jeremy\Documents\JeremyFontenot.online\_content\docs\archive\M365 PCL\aspx",".aspx"
"Validation-Results.aspx","C:\Users\jeremy\Documents\JeremyFontenot.online\_content\docs\archive\M365 PCL\aspx",".aspx"
"Validation.aspx","C:\Users\jeremy\Documents\JeremyFontenot.online\_content\docs\archive\M365 PCL\aspx",".aspx"
"Architecture-Overview.html","C:\Users\jeremy\Documents\JeremyFontenot.online\_content\docs\archive\M365 PCL\html",".html"
"Architecture.html","C:\Users\jeremy\Documents\JeremyFontenot.online\_content\docs\archive\M365 PCL\html",".html"
"Artifacts-Index.html","C:\Users\jeremy\Documents\JeremyFontenot.online\_content\docs\archive\M365 PCL\html",".html"
"Automation.html","C:\Users\jeremy\Documents\JeremyFontenot.online\_content\docs\archive\M365 PCL\html",".html"
"Change-Architecture-20260306-0200.html","C:\Users\jeremy\Documents\JeremyFontenot.online\_content\docs\archive\M365 PCL\html",".html"
"Change-Architecture-20260306-0345.html","C:\Users\jeremy\Documents\JeremyFontenot.online\_content\docs\archive\M365 PCL\html",".html"
"Change-Architecture-Overview-20260223-0410.html","C:\Users\jeremy\Documents\JeremyFontenot.online\_content\docs\archive\M365 PCL\html",".html"
"Change-Architecture-Overview-20260223-0417.html","C:\Users\jeremy\Documents\JeremyFontenot.online\_content\docs\archive\M365 PCL\html",".html"
"Change-Architecture-Overview-20260223-0427.html","C:\Users\jeremy\Documents\JeremyFontenot.online\_content\docs\archive\M365 PCL\html",".html"
"Change-Architecture-Overview-20260223-0738.html","C:\Users\jeremy\Documents\JeremyFontenot.online\_content\docs\archive\M365 PCL\html",".html"
"Change-Architecture-Overview-20260223-0742.html","C:\Users\jeremy\Documents\JeremyFontenot.online\_content\docs\archive\M365 PCL\html",".html"
"Change-Architecture-Overview-20260306-0200.html","C:\Users\jeremy\Documents\JeremyFontenot.online\_content\docs\archive\M365 PCL\html",".html"
"Change-Artifacts-Index-20260306-0200.html","C:\Users\jeremy\Documents\JeremyFontenot.online\_content\docs\archive\M365 PCL\html",".html"
"Change-Automation-20260306-0200.html","C:\Users\jeremy\Documents\JeremyFontenot.online\_content\docs\archive\M365 PCL\html",".html"
"Change-Automation-20260306-0346.html","C:\Users\jeremy\Documents\JeremyFontenot.online\_content\docs\archive\M365 PCL\html",".html"
"Change-Cleanup-Summary.html","C:\Users\jeremy\Documents\JeremyFontenot.online\_content\docs\archive\M365 PCL\html",".html"
"Change-Conditional-Access-20260306-0200.html","C:\Users\jeremy\Documents\JeremyFontenot.online\_content\docs\archive\M365 PCL\html",".html"
"Change-Endpoint-Management-Intune-20260223-0409.html","C:\Users\jeremy\Documents\JeremyFontenot.online\_content\docs\archive\M365 PCL\html",".html"
"Change-Endpoint-Management-Intune-20260223-0417.html","C:\Users\jeremy\Documents\JeremyFontenot.online\_content\docs\archive\M365 PCL\html",".html"
"Change-Endpoint-Management-Intune-20260223-0426.html","C:\Users\jeremy\Documents\JeremyFontenot.online\_content\docs\archive\M365 PCL\html",".html"
"Change-Endpoint-Management-Intune-20260223-0738.html","C:\Users\jeremy\Documents\JeremyFontenot.online\_content\docs\archive\M365 PCL\html",".html"
"Change-Endpoint-Management-Intune-20260223-0742.html","C:\Users\jeremy\Documents\JeremyFontenot.online\_content\docs\archive\M365 PCL\html",".html"
"Change-Exchange-20260307-0200.html","C:\Users\jeremy\Documents\JeremyFontenot.online\_content\docs\archive\M365 PCL\html",".html"
"Change-Exchange-Online-20260223-0409.html","C:\Users\jeremy\Documents\JeremyFontenot.online\_content\docs\archive\M365 PCL\html",".html"
"Change-Exchange-Online-20260223-0417.html","C:\Users\jeremy\Documents\JeremyFontenot.online\_content\docs\archive\M365 PCL\html",".html"
"Change-Exchange-Online-20260223-0426.html","C:\Users\jeremy\Documents\JeremyFontenot.online\_content\docs\archive\M365 PCL\html",".html"
"Change-Exchange-Online-20260223-0738.html","C:\Users\jeremy\Documents\JeremyFontenot.online\_content\docs\archive\M365 PCL\html",".html"
"Change-Exchange-Online-20260223-0742.html","C:\Users\jeremy\Documents\JeremyFontenot.online\_content\docs\archive\M365 PCL\html",".html"
"Change-Home-20260227-1151.html","C:\Users\jeremy\Documents\JeremyFontenot.online\_content\docs\archive\M365 PCL\html",".html"
"Change-Home-20260227-1753.html","C:\Users\jeremy\Documents\JeremyFontenot.online\_content\docs\archive\M365 PCL\html",".html"
"Change-Home-20260305-0200.html","C:\Users\jeremy\Documents\JeremyFontenot.online\_content\docs\archive\M365 PCL\html",".html"
"Change-Home-20260306-0345.html","C:\Users\jeremy\Documents\JeremyFontenot.online\_content\docs\archive\M365 PCL\html",".html"
"Change-Home-20260314-1157.html","C:\Users\jeremy\Documents\JeremyFontenot.online\_content\docs\archive\M365 PCL\html",".html"
"Change-Home-20260330-0918.html","C:\Users\jeremy\Documents\JeremyFontenot.online\_content\docs\archive\M365 PCL\html",".html"
"Change-Home-20260401-1000.html","C:\Users\jeremy\Documents\JeremyFontenot.online\_content\docs\archive\M365 PCL\html",".html"
"Change-Identity-20260307-0200.html","C:\Users\jeremy\Documents\JeremyFontenot.online\_content\docs\archive\M365 PCL\html",".html"
"Change-Identity-and-Security-20260223-0409.html","C:\Users\jeremy\Documents\JeremyFontenot.online\_content\docs\archive\M365 PCL\html",".html"
"Change-Identity-and-Security-20260223-0417.html","C:\Users\jeremy\Documents\JeremyFontenot.online\_content\docs\archive\M365 PCL\html",".html"
"Change-Identity-and-Security-20260223-0426.html","C:\Users\jeremy\Documents\JeremyFontenot.online\_content\docs\archive\M365 PCL\html",".html"
"Change-Identity-and-Security-20260223-0738.html","C:\Users\jeremy\Documents\JeremyFontenot.online\_content\docs\archive\M365 PCL\html",".html"
"Change-Identity-and-Security-20260223-0742.html","C:\Users\jeremy\Documents\JeremyFontenot.online\_content\docs\archive\M365 PCL\html",".html"
"Change-Identity-and-Security-20260403-0300.html","C:\Users\jeremy\Documents\JeremyFontenot.online\_content\docs\archive\M365 PCL\html",".html"
"Change-Intune-20260307-0200.html","C:\Users\jeremy\Documents\JeremyFontenot.online\_content\docs\archive\M365 PCL\html",".html"
"Change-Lab-Overview-20260307-0200.html","C:\Users\jeremy\Documents\JeremyFontenot.online\_content\docs\archive\M365 PCL\html",".html"
"Change-Log.html","C:\Users\jeremy\Documents\JeremyFontenot.online\_content\docs\archive\M365 PCL\html",".html"
"Change-New-Home-20260223-0410.html","C:\Users\jeremy\Documents\JeremyFontenot.online\_content\docs\archive\M365 PCL\html",".html"
"Change-New-Home-20260223-0418.html","C:\Users\jeremy\Documents\JeremyFontenot.online\_content\docs\archive\M365 PCL\html",".html"
"Change-New-Home-20260223-0427.html","C:\Users\jeremy\Documents\JeremyFontenot.online\_content\docs\archive\M365 PCL\html",".html"
"Change-New-Home-20260223-0738.html","C:\Users\jeremy\Documents\JeremyFontenot.online\_content\docs\archive\M365 PCL\html",".html"
"Change-New-Home-20260223-0742.html","C:\Users\jeremy\Documents\JeremyFontenot.online\_content\docs\archive\M365 PCL\html",".html"
"Change-New-Home-20260227-0849.html","C:\Users\jeremy\Documents\JeremyFontenot.online\_content\docs\archive\M365 PCL\html",".html"
"Change-New-Home-20260227-1151.html","C:\Users\jeremy\Documents\JeremyFontenot.online\_content\docs\archive\M365 PCL\html",".html"
"Change-New-Home-20260227-1753.html","C:\Users\jeremy\Documents\JeremyFontenot.online\_content\docs\archive\M365 PCL\html",".html"
"Change-Portfolio-Summary-20260306-0345.html","C:\Users\jeremy\Documents\JeremyFontenot.online\_content\docs\archive\M365 PCL\html",".html"
"Change-Power-Platform-20260223-0410.html","C:\Users\jeremy\Documents\JeremyFontenot.online\_content\docs\archive\M365 PCL\html",".html"
"Change-Power-Platform-20260223-0418.html","C:\Users\jeremy\Documents\JeremyFontenot.online\_content\docs\archive\M365 PCL\html",".html"
"Change-Power-Platform-20260223-0427.html","C:\Users\jeremy\Documents\JeremyFontenot.online\_content\docs\archive\M365 PCL\html",".html"
"Change-Power-Platform-20260223-0738.html","C:\Users\jeremy\Documents\JeremyFontenot.online\_content\docs\archive\M365 PCL\html",".html"
"Change-Power-Platform-20260223-0742.html","C:\Users\jeremy\Documents\JeremyFontenot.online\_content\docs\archive\M365 PCL\html",".html"
"Change-Scripts-and-Automation-20260223-0410.html","C:\Users\jeremy\Documents\JeremyFontenot.online\_content\docs\archive\M365 PCL\html",".html"
"Change-Scripts-and-Automation-20260223-0418.html","C:\Users\jeremy\Documents\JeremyFontenot.online\_content\docs\archive\M365 PCL\html",".html"
"Change-Scripts-and-Automation-20260223-0427.html","C:\Users\jeremy\Documents\JeremyFontenot.online\_content\docs\archive\M365 PCL\html",".html"
"Change-Scripts-and-Automation-20260223-0738.html","C:\Users\jeremy\Documents\JeremyFontenot.online\_content\docs\archive\M365 PCL\html",".html"
"Change-Scripts-and-Automation-20260223-0742.html","C:\Users\jeremy\Documents\JeremyFontenot.online\_content\docs\archive\M365 PCL\html",".html"
"Change-Scripts-Used_BACKUP_20260227-205559-20260228-0200.html","C:\Users\jeremy\Documents\JeremyFontenot.online\_content\docs\archive\M365 PCL\html",".html"
"Change-Scripts-Used-20260223-0409.html","C:\Users\jeremy\Documents\JeremyFontenot.online\_content\docs\archive\M365 PCL\html",".html"
"Change-Scripts-Used-20260223-0417.html","C:\Users\jeremy\Documents\JeremyFontenot.online\_content\docs\archive\M365 PCL\html",".html"
"Change-Scripts-Used-20260223-0426.html","C:\Users\jeremy\Documents\JeremyFontenot.online\_content\docs\archive\M365 PCL\html",".html"
"Change-Scripts-Used-20260223-0737.html","C:\Users\jeremy\Documents\JeremyFontenot.online\_content\docs\archive\M365 PCL\html",".html"
"Change-Scripts-Used-20260223-0741.html","C:\Users\jeremy\Documents\JeremyFontenot.online\_content\docs\archive\M365 PCL\html",".html"
"Change-Security-20260307-0200.html","C:\Users\jeremy\Documents\JeremyFontenot.online\_content\docs\archive\M365 PCL\html",".html"
"Change-Validation-20260306-0345.html","C:\Users\jeremy\Documents\JeremyFontenot.online\_content\docs\archive\M365 PCL\html",".html"
"Change-Validation-Results.html","C:\Users\jeremy\Documents\JeremyFontenot.online\_content\docs\archive\M365 PCL\html",".html"
"Cleanup-Summary.html","C:\Users\jeremy\Documents\JeremyFontenot.online\_content\docs\archive\M365 PCL\html",".html"
"Collaboration.html","C:\Users\jeremy\Documents\JeremyFontenot.online\_content\docs\archive\M365 PCL\html",".html"
"Conditional-Access.html","C:\Users\jeremy\Documents\JeremyFontenot.online\_content\docs\archive\M365 PCL\html",".html"
"Endpoint-Management-Intune.html","C:\Users\jeremy\Documents\JeremyFontenot.online\_content\docs\archive\M365 PCL\html",".html"
"Endpoint-Management.html","C:\Users\jeremy\Documents\JeremyFontenot.online\_content\docs\archive\M365 PCL\html",".html"
"Exchange-Online.html","C:\Users\jeremy\Documents\JeremyFontenot.online\_content\docs\archive\M365 PCL\html",".html"
"Exchange-Setup.html","C:\Users\jeremy\Documents\JeremyFontenot.online\_content\docs\archive\M365 PCL\html",".html"
"Exchange.html","C:\Users\jeremy\Documents\JeremyFontenot.online\_content\docs\archive\M365 PCL\html",".html"
"Final-Deliverables.html","C:\Users\jeremy\Documents\JeremyFontenot.online\_content\docs\archive\M365 PCL\html",".html"
"Home.html","C:\Users\jeremy\Documents\JeremyFontenot.online\_content\docs\archive\M365 PCL\html",".html"
"Identity-and-Security.html","C:\Users\jeremy\Documents\JeremyFontenot.online\_content\docs\archive\M365 PCL\html",".html"
"Identity-Setup.html","C:\Users\jeremy\Documents\JeremyFontenot.online\_content\docs\archive\M365 PCL\html",".html"
"Identity.html","C:\Users\jeremy\Documents\JeremyFontenot.online\_content\docs\archive\M365 PCL\html",".html"
"index.html","C:\Users\jeremy\Documents\JeremyFontenot.online\_content\docs\archive\M365 PCL\html",".html"
"Intune-Setup.html","C:\Users\jeremy\Documents\JeremyFontenot.online\_content\docs\archive\M365 PCL\html",".html"
"Intune.html","C:\Users\jeremy\Documents\JeremyFontenot.online\_content\docs\archive\M365 PCL\html",".html"
"Lab-Overview.html","C:\Users\jeremy\Documents\JeremyFontenot.online\_content\docs\archive\M365 PCL\html",".html"
"MFA-Enforcement.html","C:\Users\jeremy\Documents\JeremyFontenot.online\_content\docs\archive\M365 PCL\html",".html"
"New-Home.html","C:\Users\jeremy\Documents\JeremyFontenot.online\_content\docs\archive\M365 PCL\html",".html"
"Operations.html","C:\Users\jeremy\Documents\JeremyFontenot.online\_content\docs\archive\M365 PCL\html",".html"
"Portfolio-Summary.html","C:\Users\jeremy\Documents\JeremyFontenot.online\_content\docs\archive\M365 PCL\html",".html"
"Power-Platform.html","C:\Users\jeremy\Documents\JeremyFontenot.online\_content\docs\archive\M365 PCL\html",".html"
"Resume-Summary.html","C:\Users\jeremy\Documents\JeremyFontenot.online\_content\docs\archive\M365 PCL\html",".html"
"Scripts-and-Automation.html","C:\Users\jeremy\Documents\JeremyFontenot.online\_content\docs\archive\M365 PCL\html",".html"
"Scripts-Automation.html","C:\Users\jeremy\Documents\JeremyFontenot.online\_content\docs\archive\M365 PCL\html",".html"
"Scripts-Used_BACKUP_20260227-205559.html","C:\Users\jeremy\Documents\JeremyFontenot.online\_content\docs\archive\M365 PCL\html",".html"
"Scripts-Used_BACKUP_20260227-210344.html","C:\Users\jeremy\Documents\JeremyFontenot.online\_content\docs\archive\M365 PCL\html",".html"
"Scripts-Used_BACKUP_20260227-210614.html","C:\Users\jeremy\Documents\JeremyFontenot.online\_content\docs\archive\M365 PCL\html",".html"
"Scripts-Used.html","C:\Users\jeremy\Documents\JeremyFontenot.online\_content\docs\archive\M365 PCL\html",".html"
"Security-Baselines.html","C:\Users\jeremy\Documents\JeremyFontenot.online\_content\docs\archive\M365 PCL\html",".html"
"Security-Overview.html","C:\Users\jeremy\Documents\JeremyFontenot.online\_content\docs\archive\M365 PCL\html",".html"
"Security.html","C:\Users\jeremy\Documents\JeremyFontenot.online\_content\docs\archive\M365 PCL\html",".html"
"SharePoint-OneDrive.html","C:\Users\jeremy\Documents\JeremyFontenot.online\_content\docs\archive\M365 PCL\html",".html"
"Start-Here.html","C:\Users\jeremy\Documents\JeremyFontenot.online\_content\docs\archive\M365 PCL\html",".html"
"Teams-Setup.html","C:\Users\jeremy\Documents\JeremyFontenot.online\_content\docs\archive\M365 PCL\html",".html"
"Teams.html","C:\Users\jeremy\Documents\JeremyFontenot.online\_content\docs\archive\M365 PCL\html",".html"
"Validation-Audit.html","C:\Users\jeremy\Documents\JeremyFontenot.online\_content\docs\archive\M365 PCL\html",".html"
"Validation-Results.html","C:\Users\jeremy\Documents\JeremyFontenot.online\_content\docs\archive\M365 PCL\html",".html"
"Validation.html","C:\Users\jeremy\Documents\JeremyFontenot.online\_content\docs\archive\M365 PCL\html",".html"
"index.html","C:\Users\jeremy\Documents\JeremyFontenot.online\_content\docs\archive\script-documentation",".html"
"summary.json","C:\Users\jeremy\Documents\JeremyFontenot.online\_content\docs\archive\script-documentation",".json"
"validation-results.csv","C:\Users\jeremy\Documents\JeremyFontenot.online\_content\docs\archive\script-documentation",".csv"
"validation-results.json","C:\Users\jeremy\Documents\JeremyFontenot.online\_content\docs\archive\script-documentation",".json"
"index.html","C:\Users\jeremy\Documents\JeremyFontenot.online\_content\docs\archive\script-documentation\library",".html"
"build-minified-assets.ps1","C:\Users\jeremy\Documents\JeremyFontenot.online\_content\docs\archive\scripts",".ps1"
"ENVIRONMENT-PROMOTION.md","C:\Users\jeremy\Documents\JeremyFontenot.online\_content\docs\archive\scripts",".md"
"export-sharepoint-pages.ps1","C:\Users\jeremy\Documents\JeremyFontenot.online\_content\docs\archive\scripts",".ps1"
"promote-site.ps1","C:\Users\jeremy\Documents\JeremyFontenot.online\_content\docs\archive\scripts",".ps1"
"validate-and-publish-scripts.ps1","C:\Users\jeremy\Documents\JeremyFontenot.online\_content\docs\archive\scripts",".ps1"
"index.html","C:\Users\jeremy\Documents\JeremyFontenot.online\_content\docs\archive\scripts\docs\brandguide-archive",".html"
"manifest.json","C:\Users\jeremy\Documents\JeremyFontenot.online\_content\docs\archive\scripts\docs\brandguide-archive",".json"
"Brand-Guidelines.aspx","C:\Users\jeremy\Documents\JeremyFontenot.online\_content\docs\archive\scripts\docs\brandguide-archive\aspx",".aspx"
"BrandGuideHome.aspx","C:\Users\jeremy\Documents\JeremyFontenot.online\_content\docs\archive\scripts\docs\brandguide-archive\aspx",".aspx"
"Documentation.aspx","C:\Users\jeremy\Documents\JeremyFontenot.online\_content\docs\archive\scripts\docs\brandguide-archive\aspx",".aspx"
"Home.aspx","C:\Users\jeremy\Documents\JeremyFontenot.online\_content\docs\archive\scripts\docs\brandguide-archive\aspx",".aspx"
"index.html","C:\Users\jeremy\Documents\JeremyFontenot.online\_content\docs\archive\scripts\docs\brandguide-archive\aspx",".html"
"Logos.aspx","C:\Users\jeremy\Documents\JeremyFontenot.online\_content\docs\archive\scripts\docs\brandguide-archive\aspx",".aspx"
"SocialMediaKit.aspx","C:\Users\jeremy\Documents\JeremyFontenot.online\_content\docs\archive\scripts\docs\brandguide-archive\aspx",".aspx"
"brand-style-brand-tokens.css","C:\Users\jeremy\Documents\JeremyFontenot.online\_content\docs\archive\scripts\docs\brandguide-archive\assets\css",".css"
"brand-style-custom.css","C:\Users\jeremy\Documents\JeremyFontenot.online\_content\docs\archive\scripts\docs\brandguide-archive\assets\css",".css"
"ASSET_MANIFEST.md","C:\Users\jeremy\Documents\JeremyFontenot.online\_content\docs\archive\scripts\docs\brandguide-archive\assets\reference",".md"
"GENERATION_REPORT.md","C:\Users\jeremy\Documents\JeremyFontenot.online\_content\docs\archive\scripts\docs\brandguide-archive\assets\reference",".md"
"WORKSPACE_FILE_GUIDE.md","C:\Users\jeremy\Documents\JeremyFontenot.online\_content\docs\archive\scripts\docs\brandguide-archive\assets\reference",".md"
"Brand-Guidelines.html","C:\Users\jeremy\Documents\JeremyFontenot.online\_content\docs\archive\scripts\docs\brandguide-archive\html",".html"
"BrandGuideHome.html","C:\Users\jeremy\Documents\JeremyFontenot.online\_content\docs\archive\scripts\docs\brandguide-archive\html",".html"
"Documentation.html","C:\Users\jeremy\Documents\JeremyFontenot.online\_content\docs\archive\scripts\docs\brandguide-archive\html",".html"
"Home.html","C:\Users\jeremy\Documents\JeremyFontenot.online\_content\docs\archive\scripts\docs\brandguide-archive\html",".html"
"index.html","C:\Users\jeremy\Documents\JeremyFontenot.online\_content\docs\archive\scripts\docs\brandguide-archive\html",".html"
"Logos.html","C:\Users\jeremy\Documents\JeremyFontenot.online\_content\docs\archive\scripts\docs\brandguide-archive\html",".html"
"SocialMediaKit.html","C:\Users\jeremy\Documents\JeremyFontenot.online\_content\docs\archive\scripts\docs\brandguide-archive\html",".html"
"index.html","C:\Users\jeremy\Documents\JeremyFontenot.online\_content\docs\archive\scripts\docs\m365-documentation-archive",".html"
"manifest.json","C:\Users\jeremy\Documents\JeremyFontenot.online\_content\docs\archive\scripts\docs\m365-documentation-archive",".json"
"Architecture-Overview.aspx","C:\Users\jeremy\Documents\JeremyFontenot.online\_content\docs\archive\scripts\docs\m365-documentation-archive\aspx",".aspx"
"Architecture.aspx","C:\Users\jeremy\Documents\JeremyFontenot.online\_content\docs\archive\scripts\docs\m365-documentation-archive\aspx",".aspx"
"Artifacts-Index.aspx","C:\Users\jeremy\Documents\JeremyFontenot.online\_content\docs\archive\scripts\docs\m365-documentation-archive\aspx",".aspx"
"Automation.aspx","C:\Users\jeremy\Documents\JeremyFontenot.online\_content\docs\archive\scripts\docs\m365-documentation-archive\aspx",".aspx"
"Change-Architecture-20260306-0200.aspx","C:\Users\jeremy\Documents\JeremyFontenot.online\_content\docs\archive\scripts\docs\m365-documentation-archive\aspx",".aspx"
"Change-Architecture-20260306-0345.aspx","C:\Users\jeremy\Documents\JeremyFontenot.online\_content\docs\archive\scripts\docs\m365-documentation-archive\aspx",".aspx"
"Change-Architecture-Overview-20260223-0410.aspx","C:\Users\jeremy\Documents\JeremyFontenot.online\_content\docs\archive\scripts\docs\m365-documentation-archive\aspx",".aspx"
"Change-Architecture-Overview-20260223-0417.aspx","C:\Users\jeremy\Documents\JeremyFontenot.online\_content\docs\archive\scripts\docs\m365-documentation-archive\aspx",".aspx"
"Change-Architecture-Overview-20260223-0427.aspx","C:\Users\jeremy\Documents\JeremyFontenot.online\_content\docs\archive\scripts\docs\m365-documentation-archive\aspx",".aspx"
"Change-Architecture-Overview-20260223-0738.aspx","C:\Users\jeremy\Documents\JeremyFontenot.online\_content\docs\archive\scripts\docs\m365-documentation-archive\aspx",".aspx"
"Change-Architecture-Overview-20260223-0742.aspx","C:\Users\jeremy\Documents\JeremyFontenot.online\_content\docs\archive\scripts\docs\m365-documentation-archive\aspx",".aspx"
"Change-Architecture-Overview-20260306-0200.aspx","C:\Users\jeremy\Documents\JeremyFontenot.online\_content\docs\archive\scripts\docs\m365-documentation-archive\aspx",".aspx"
"Change-Artifacts-Index-20260306-0200.aspx","C:\Users\jeremy\Documents\JeremyFontenot.online\_content\docs\archive\scripts\docs\m365-documentation-archive\aspx",".aspx"
"Change-Automation-20260306-0200.aspx","C:\Users\jeremy\Documents\JeremyFontenot.online\_content\docs\archive\scripts\docs\m365-documentation-archive\aspx",".aspx"
"Change-Automation-20260306-0346.aspx","C:\Users\jeremy\Documents\JeremyFontenot.online\_content\docs\archive\scripts\docs\m365-documentation-archive\aspx",".aspx"
"Change-Cleanup-Summary.aspx","C:\Users\jeremy\Documents\JeremyFontenot.online\_content\docs\archive\scripts\docs\m365-documentation-archive\aspx",".aspx"
"Change-Conditional-Access-20260306-0200.aspx","C:\Users\jeremy\Documents\JeremyFontenot.online\_content\docs\archive\scripts\docs\m365-documentation-archive\aspx",".aspx"
"Change-Endpoint-Management-Intune-20260223-0409.aspx","C:\Users\jeremy\Documents\JeremyFontenot.online\_content\docs\archive\scripts\docs\m365-documentation-archive\aspx",".aspx"
"Change-Endpoint-Management-Intune-20260223-0417.aspx","C:\Users\jeremy\Documents\JeremyFontenot.online\_content\docs\archive\scripts\docs\m365-documentation-archive\aspx",".aspx"
"Change-Endpoint-Management-Intune-20260223-0426.aspx","C:\Users\jeremy\Documents\JeremyFontenot.online\_content\docs\archive\scripts\docs\m365-documentation-archive\aspx",".aspx"
"Change-Endpoint-Management-Intune-20260223-0738.aspx","C:\Users\jeremy\Documents\JeremyFontenot.online\_content\docs\archive\scripts\docs\m365-documentation-archive\aspx",".aspx"
"Change-Endpoint-Management-Intune-20260223-0742.aspx","C:\Users\jeremy\Documents\JeremyFontenot.online\_content\docs\archive\scripts\docs\m365-documentation-archive\aspx",".aspx"
"Change-Exchange-20260307-0200.aspx","C:\Users\jeremy\Documents\JeremyFontenot.online\_content\docs\archive\scripts\docs\m365-documentation-archive\aspx",".aspx"
"Change-Exchange-Online-20260223-0409.aspx","C:\Users\jeremy\Documents\JeremyFontenot.online\_content\docs\archive\scripts\docs\m365-documentation-archive\aspx",".aspx"
"Change-Exchange-Online-20260223-0417.aspx","C:\Users\jeremy\Documents\JeremyFontenot.online\_content\docs\archive\scripts\docs\m365-documentation-archive\aspx",".aspx"
"Change-Exchange-Online-20260223-0426.aspx","C:\Users\jeremy\Documents\JeremyFontenot.online\_content\docs\archive\scripts\docs\m365-documentation-archive\aspx",".aspx"
"Change-Exchange-Online-20260223-0738.aspx","C:\Users\jeremy\Documents\JeremyFontenot.online\_content\docs\archive\scripts\docs\m365-documentation-archive\aspx",".aspx"
"Change-Exchange-Online-20260223-0742.aspx","C:\Users\jeremy\Documents\JeremyFontenot.online\_content\docs\archive\scripts\docs\m365-documentation-archive\aspx",".aspx"
"Change-Home-20260227-1151.aspx","C:\Users\jeremy\Documents\JeremyFontenot.online\_content\docs\archive\scripts\docs\m365-documentation-archive\aspx",".aspx"
"Change-Home-20260227-1753.aspx","C:\Users\jeremy\Documents\JeremyFontenot.online\_content\docs\archive\scripts\docs\m365-documentation-archive\aspx",".aspx"
"Change-Home-20260305-0200.aspx","C:\Users\jeremy\Documents\JeremyFontenot.online\_content\docs\archive\scripts\docs\m365-documentation-archive\aspx",".aspx"
"Change-Home-20260306-0345.aspx","C:\Users\jeremy\Documents\JeremyFontenot.online\_content\docs\archive\scripts\docs\m365-documentation-archive\aspx",".aspx"
"Change-Home-20260314-1157.aspx","C:\Users\jeremy\Documents\JeremyFontenot.online\_content\docs\archive\scripts\docs\m365-documentation-archive\aspx",".aspx"
"Change-Home-20260330-0918.aspx","C:\Users\jeremy\Documents\JeremyFontenot.online\_content\docs\archive\scripts\docs\m365-documentation-archive\aspx",".aspx"
"Change-Home-20260401-1000.aspx","C:\Users\jeremy\Documents\JeremyFontenot.online\_content\docs\archive\scripts\docs\m365-documentation-archive\aspx",".aspx"
"Change-Identity-20260307-0200.aspx","C:\Users\jeremy\Documents\JeremyFontenot.online\_content\docs\archive\scripts\docs\m365-documentation-archive\aspx",".aspx"
"Change-Identity-and-Security-20260223-0409.aspx","C:\Users\jeremy\Documents\JeremyFontenot.online\_content\docs\archive\scripts\docs\m365-documentation-archive\aspx",".aspx"
"Change-Identity-and-Security-20260223-0417.aspx","C:\Users\jeremy\Documents\JeremyFontenot.online\_content\docs\archive\scripts\docs\m365-documentation-archive\aspx",".aspx"
"Change-Identity-and-Security-20260223-0426.aspx","C:\Users\jeremy\Documents\JeremyFontenot.online\_content\docs\archive\scripts\docs\m365-documentation-archive\aspx",".aspx"
"Change-Identity-and-Security-20260223-0738.aspx","C:\Users\jeremy\Documents\JeremyFontenot.online\_content\docs\archive\scripts\docs\m365-documentation-archive\aspx",".aspx"
"Change-Identity-and-Security-20260223-0742.aspx","C:\Users\jeremy\Documents\JeremyFontenot.online\_content\docs\archive\scripts\docs\m365-documentation-archive\aspx",".aspx"
"Change-Identity-and-Security-20260403-0300.aspx","C:\Users\jeremy\Documents\JeremyFontenot.online\_content\docs\archive\scripts\docs\m365-documentation-archive\aspx",".aspx"
"Change-Intune-20260307-0200.aspx","C:\Users\jeremy\Documents\JeremyFontenot.online\_content\docs\archive\scripts\docs\m365-documentation-archive\aspx",".aspx"
"Change-Lab-Overview-20260307-0200.aspx","C:\Users\jeremy\Documents\JeremyFontenot.online\_content\docs\archive\scripts\docs\m365-documentation-archive\aspx",".aspx"
"Change-Log.aspx","C:\Users\jeremy\Documents\JeremyFontenot.online\_content\docs\archive\scripts\docs\m365-documentation-archive\aspx",".aspx"
"Change-New-Home-20260223-0410.aspx","C:\Users\jeremy\Documents\JeremyFontenot.online\_content\docs\archive\scripts\docs\m365-documentation-archive\aspx",".aspx"
"Change-New-Home-20260223-0418.aspx","C:\Users\jeremy\Documents\JeremyFontenot.online\_content\docs\archive\scripts\docs\m365-documentation-archive\aspx",".aspx"
"Change-New-Home-20260223-0427.aspx","C:\Users\jeremy\Documents\JeremyFontenot.online\_content\docs\archive\scripts\docs\m365-documentation-archive\aspx",".aspx"
"Change-New-Home-20260223-0738.aspx","C:\Users\jeremy\Documents\JeremyFontenot.online\_content\docs\archive\scripts\docs\m365-documentation-archive\aspx",".aspx"
"Change-New-Home-20260223-0742.aspx","C:\Users\jeremy\Documents\JeremyFontenot.online\_content\docs\archive\scripts\docs\m365-documentation-archive\aspx",".aspx"
"Change-New-Home-20260227-0849.aspx","C:\Users\jeremy\Documents\JeremyFontenot.online\_content\docs\archive\scripts\docs\m365-documentation-archive\aspx",".aspx"
"Change-New-Home-20260227-1151.aspx","C:\Users\jeremy\Documents\JeremyFontenot.online\_content\docs\archive\scripts\docs\m365-documentation-archive\aspx",".aspx"
"Change-New-Home-20260227-1753.aspx","C:\Users\jeremy\Documents\JeremyFontenot.online\_content\docs\archive\scripts\docs\m365-documentation-archive\aspx",".aspx"
"Change-Portfolio-Summary-20260306-0345.aspx","C:\Users\jeremy\Documents\JeremyFontenot.online\_content\docs\archive\scripts\docs\m365-documentation-archive\aspx",".aspx"
"Change-Power-Platform-20260223-0410.aspx","C:\Users\jeremy\Documents\JeremyFontenot.online\_content\docs\archive\scripts\docs\m365-documentation-archive\aspx",".aspx"
"Change-Power-Platform-20260223-0418.aspx","C:\Users\jeremy\Documents\JeremyFontenot.online\_content\docs\archive\scripts\docs\m365-documentation-archive\aspx",".aspx"
"Change-Power-Platform-20260223-0427.aspx","C:\Users\jeremy\Documents\JeremyFontenot.online\_content\docs\archive\scripts\docs\m365-documentation-archive\aspx",".aspx"
"Change-Power-Platform-20260223-0738.aspx","C:\Users\jeremy\Documents\JeremyFontenot.online\_content\docs\archive\scripts\docs\m365-documentation-archive\aspx",".aspx"
"Change-Power-Platform-20260223-0742.aspx","C:\Users\jeremy\Documents\JeremyFontenot.online\_content\docs\archive\scripts\docs\m365-documentation-archive\aspx",".aspx"
"Change-Scripts-and-Automation-20260223-0410.aspx","C:\Users\jeremy\Documents\JeremyFontenot.online\_content\docs\archive\scripts\docs\m365-documentation-archive\aspx",".aspx"
"Change-Scripts-and-Automation-20260223-0418.aspx","C:\Users\jeremy\Documents\JeremyFontenot.online\_content\docs\archive\scripts\docs\m365-documentation-archive\aspx",".aspx"
"Change-Scripts-and-Automation-20260223-0427.aspx","C:\Users\jeremy\Documents\JeremyFontenot.online\_content\docs\archive\scripts\docs\m365-documentation-archive\aspx",".aspx"
"Change-Scripts-and-Automation-20260223-0738.aspx","C:\Users\jeremy\Documents\JeremyFontenot.online\_content\docs\archive\scripts\docs\m365-documentation-archive\aspx",".aspx"
"Change-Scripts-and-Automation-20260223-0742.aspx","C:\Users\jeremy\Documents\JeremyFontenot.online\_content\docs\archive\scripts\docs\m365-documentation-archive\aspx",".aspx"
"Change-Scripts-Used_BACKUP_20260227-205559-20260228-0200.aspx","C:\Users\jeremy\Documents\JeremyFontenot.online\_content\docs\archive\scripts\docs\m365-documentation-archive\aspx",".aspx"
"Change-Scripts-Used-20260223-0409.aspx","C:\Users\jeremy\Documents\JeremyFontenot.online\_content\docs\archive\scripts\docs\m365-documentation-archive\aspx",".aspx"
"Change-Scripts-Used-20260223-0417.aspx","C:\Users\jeremy\Documents\JeremyFontenot.online\_content\docs\archive\scripts\docs\m365-documentation-archive\aspx",".aspx"
"Change-Scripts-Used-20260223-0426.aspx","C:\Users\jeremy\Documents\JeremyFontenot.online\_content\docs\archive\scripts\docs\m365-documentation-archive\aspx",".aspx"
"Change-Scripts-Used-20260223-0737.aspx","C:\Users\jeremy\Documents\JeremyFontenot.online\_content\docs\archive\scripts\docs\m365-documentation-archive\aspx",".aspx"
"Change-Scripts-Used-20260223-0741.aspx","C:\Users\jeremy\Documents\JeremyFontenot.online\_content\docs\archive\scripts\docs\m365-documentation-archive\aspx",".aspx"
"Change-Security-20260307-0200.aspx","C:\Users\jeremy\Documents\JeremyFontenot.online\_content\docs\archive\scripts\docs\m365-documentation-archive\aspx",".aspx"
"Change-Validation-20260306-0345.aspx","C:\Users\jeremy\Documents\JeremyFontenot.online\_content\docs\archive\scripts\docs\m365-documentation-archive\aspx",".aspx"
"Change-Validation-Results.aspx","C:\Users\jeremy\Documents\JeremyFontenot.online\_content\docs\archive\scripts\docs\m365-documentation-archive\aspx",".aspx"
"Cleanup-Summary.aspx","C:\Users\jeremy\Documents\JeremyFontenot.online\_content\docs\archive\scripts\docs\m365-documentation-archive\aspx",".aspx"
"Collaboration.aspx","C:\Users\jeremy\Documents\JeremyFontenot.online\_content\docs\archive\scripts\docs\m365-documentation-archive\aspx",".aspx"
"Conditional-Access.aspx","C:\Users\jeremy\Documents\JeremyFontenot.online\_content\docs\archive\scripts\docs\m365-documentation-archive\aspx",".aspx"
"Endpoint-Management-Intune.aspx","C:\Users\jeremy\Documents\JeremyFontenot.online\_content\docs\archive\scripts\docs\m365-documentation-archive\aspx",".aspx"
"Endpoint-Management.aspx","C:\Users\jeremy\Documents\JeremyFontenot.online\_content\docs\archive\scripts\docs\m365-documentation-archive\aspx",".aspx"
"Exchange-Online.aspx","C:\Users\jeremy\Documents\JeremyFontenot.online\_content\docs\archive\scripts\docs\m365-documentation-archive\aspx",".aspx"
"Exchange-Setup.aspx","C:\Users\jeremy\Documents\JeremyFontenot.online\_content\docs\archive\scripts\docs\m365-documentation-archive\aspx",".aspx"
"Exchange.aspx","C:\Users\jeremy\Documents\JeremyFontenot.online\_content\docs\archive\scripts\docs\m365-documentation-archive\aspx",".aspx"
"Home.aspx","C:\Users\jeremy\Documents\JeremyFontenot.online\_content\docs\archive\scripts\docs\m365-documentation-archive\aspx",".aspx"
"Identity-and-Security.aspx","C:\Users\jeremy\Documents\JeremyFontenot.online\_content\docs\archive\scripts\docs\m365-documentation-archive\aspx",".aspx"
"Identity-Setup.aspx","C:\Users\jeremy\Documents\JeremyFontenot.online\_content\docs\archive\scripts\docs\m365-documentation-archive\aspx",".aspx"
"Identity.aspx","C:\Users\jeremy\Documents\JeremyFontenot.online\_content\docs\archive\scripts\docs\m365-documentation-archive\aspx",".aspx"
"index.html","C:\Users\jeremy\Documents\JeremyFontenot.online\_content\docs\archive\scripts\docs\m365-documentation-archive\aspx",".html"
"Intune-Setup.aspx","C:\Users\jeremy\Documents\JeremyFontenot.online\_content\docs\archive\scripts\docs\m365-documentation-archive\aspx",".aspx"
"Intune.aspx","C:\Users\jeremy\Documents\JeremyFontenot.online\_content\docs\archive\scripts\docs\m365-documentation-archive\aspx",".aspx"
"Lab-Overview.aspx","C:\Users\jeremy\Documents\JeremyFontenot.online\_content\docs\archive\scripts\docs\m365-documentation-archive\aspx",".aspx"
"MFA-Enforcement.aspx","C:\Users\jeremy\Documents\JeremyFontenot.online\_content\docs\archive\scripts\docs\m365-documentation-archive\aspx",".aspx"
"New-Home.aspx","C:\Users\jeremy\Documents\JeremyFontenot.online\_content\docs\archive\scripts\docs\m365-documentation-archive\aspx",".aspx"
"Operations.aspx","C:\Users\jeremy\Documents\JeremyFontenot.online\_content\docs\archive\scripts\docs\m365-documentation-archive\aspx",".aspx"
"Portfolio-Summary.aspx","C:\Users\jeremy\Documents\JeremyFontenot.online\_content\docs\archive\scripts\docs\m365-documentation-archive\aspx",".aspx"
"Power-Platform.aspx","C:\Users\jeremy\Documents\JeremyFontenot.online\_content\docs\archive\scripts\docs\m365-documentation-archive\aspx",".aspx"
"Resume-Summary.aspx","C:\Users\jeremy\Documents\JeremyFontenot.online\_content\docs\archive\scripts\docs\m365-documentation-archive\aspx",".aspx"
"Scripts-and-Automation.aspx","C:\Users\jeremy\Documents\JeremyFontenot.online\_content\docs\archive\scripts\docs\m365-documentation-archive\aspx",".aspx"
"Scripts-Automation.aspx","C:\Users\jeremy\Documents\JeremyFontenot.online\_content\docs\archive\scripts\docs\m365-documentation-archive\aspx",".aspx"
"Scripts-Used_BACKUP_20260227-205559.aspx","C:\Users\jeremy\Documents\JeremyFontenot.online\_content\docs\archive\scripts\docs\m365-documentation-archive\aspx",".aspx"
"Scripts-Used_BACKUP_20260227-210344.aspx","C:\Users\jeremy\Documents\JeremyFontenot.online\_content\docs\archive\scripts\docs\m365-documentation-archive\aspx",".aspx"
"Scripts-Used_BACKUP_20260227-210614.aspx","C:\Users\jeremy\Documents\JeremyFontenot.online\_content\docs\archive\scripts\docs\m365-documentation-archive\aspx",".aspx"
"Scripts-Used.aspx","C:\Users\jeremy\Documents\JeremyFontenot.online\_content\docs\archive\scripts\docs\m365-documentation-archive\aspx",".aspx"
"Security-Baselines.aspx","C:\Users\jeremy\Documents\JeremyFontenot.online\_content\docs\archive\scripts\docs\m365-documentation-archive\aspx",".aspx"
"Security-Overview.aspx","C:\Users\jeremy\Documents\JeremyFontenot.online\_content\docs\archive\scripts\docs\m365-documentation-archive\aspx",".aspx"
"Security.aspx","C:\Users\jeremy\Documents\JeremyFontenot.online\_content\docs\archive\scripts\docs\m365-documentation-archive\aspx",".aspx"
"SharePoint-OneDrive.aspx","C:\Users\jeremy\Documents\JeremyFontenot.online\_content\docs\archive\scripts\docs\m365-documentation-archive\aspx",".aspx"
"Start-Here.aspx","C:\Users\jeremy\Documents\JeremyFontenot.online\_content\docs\archive\scripts\docs\m365-documentation-archive\aspx",".aspx"
"Teams-Setup.aspx","C:\Users\jeremy\Documents\JeremyFontenot.online\_content\docs\archive\scripts\docs\m365-documentation-archive\aspx",".aspx"
"Teams.aspx","C:\Users\jeremy\Documents\JeremyFontenot.online\_content\docs\archive\scripts\docs\m365-documentation-archive\aspx",".aspx"
"Validation-Audit.aspx","C:\Users\jeremy\Documents\JeremyFontenot.online\_content\docs\archive\scripts\docs\m365-documentation-archive\aspx",".aspx"
"Validation-Results.aspx","C:\Users\jeremy\Documents\JeremyFontenot.online\_content\docs\archive\scripts\docs\m365-documentation-archive\aspx",".aspx"
"Validation.aspx","C:\Users\jeremy\Documents\JeremyFontenot.online\_content\docs\archive\scripts\docs\m365-documentation-archive\aspx",".aspx"
"Architecture-Overview.html","C:\Users\jeremy\Documents\JeremyFontenot.online\_content\docs\archive\scripts\docs\m365-documentation-archive\html",".html"
"Architecture.html","C:\Users\jeremy\Documents\JeremyFontenot.online\_content\docs\archive\scripts\docs\m365-documentation-archive\html",".html"
"Artifacts-Index.html","C:\Users\jeremy\Documents\JeremyFontenot.online\_content\docs\archive\scripts\docs\m365-documentation-archive\html",".html"
"Automation.html","C:\Users\jeremy\Documents\JeremyFontenot.online\_content\docs\archive\scripts\docs\m365-documentation-archive\html",".html"
"Change-Architecture-20260306-0200.html","C:\Users\jeremy\Documents\JeremyFontenot.online\_content\docs\archive\scripts\docs\m365-documentation-archive\html",".html"
"Change-Architecture-20260306-0345.html","C:\Users\jeremy\Documents\JeremyFontenot.online\_content\docs\archive\scripts\docs\m365-documentation-archive\html",".html"
"Change-Architecture-Overview-20260223-0410.html","C:\Users\jeremy\Documents\JeremyFontenot.online\_content\docs\archive\scripts\docs\m365-documentation-archive\html",".html"
"Change-Architecture-Overview-20260223-0417.html","C:\Users\jeremy\Documents\JeremyFontenot.online\_content\docs\archive\scripts\docs\m365-documentation-archive\html",".html"
"Change-Architecture-Overview-20260223-0427.html","C:\Users\jeremy\Documents\JeremyFontenot.online\_content\docs\archive\scripts\docs\m365-documentation-archive\html",".html"
"Change-Architecture-Overview-20260223-0738.html","C:\Users\jeremy\Documents\JeremyFontenot.online\_content\docs\archive\scripts\docs\m365-documentation-archive\html",".html"
"Change-Architecture-Overview-20260223-0742.html","C:\Users\jeremy\Documents\JeremyFontenot.online\_content\docs\archive\scripts\docs\m365-documentation-archive\html",".html"
"Change-Architecture-Overview-20260306-0200.html","C:\Users\jeremy\Documents\JeremyFontenot.online\_content\docs\archive\scripts\docs\m365-documentation-archive\html",".html"
"Change-Artifacts-Index-20260306-0200.html","C:\Users\jeremy\Documents\JeremyFontenot.online\_content\docs\archive\scripts\docs\m365-documentation-archive\html",".html"
"Change-Automation-20260306-0200.html","C:\Users\jeremy\Documents\JeremyFontenot.online\_content\docs\archive\scripts\docs\m365-documentation-archive\html",".html"
"Change-Automation-20260306-0346.html","C:\Users\jeremy\Documents\JeremyFontenot.online\_content\docs\archive\scripts\docs\m365-documentation-archive\html",".html"
"Change-Cleanup-Summary.html","C:\Users\jeremy\Documents\JeremyFontenot.online\_content\docs\archive\scripts\docs\m365-documentation-archive\html",".html"
"Change-Conditional-Access-20260306-0200.html","C:\Users\jeremy\Documents\JeremyFontenot.online\_content\docs\archive\scripts\docs\m365-documentation-archive\html",".html"
"Change-Endpoint-Management-Intune-20260223-0409.html","C:\Users\jeremy\Documents\JeremyFontenot.online\_content\docs\archive\scripts\docs\m365-documentation-archive\html",".html"
"Change-Endpoint-Management-Intune-20260223-0417.html","C:\Users\jeremy\Documents\JeremyFontenot.online\_content\docs\archive\scripts\docs\m365-documentation-archive\html",".html"
"Change-Endpoint-Management-Intune-20260223-0426.html","C:\Users\jeremy\Documents\JeremyFontenot.online\_content\docs\archive\scripts\docs\m365-documentation-archive\html",".html"
"Change-Endpoint-Management-Intune-20260223-0738.html","C:\Users\jeremy\Documents\JeremyFontenot.online\_content\docs\archive\scripts\docs\m365-documentation-archive\html",".html"
"Change-Endpoint-Management-Intune-20260223-0742.html","C:\Users\jeremy\Documents\JeremyFontenot.online\_content\docs\archive\scripts\docs\m365-documentation-archive\html",".html"
"Change-Exchange-20260307-0200.html","C:\Users\jeremy\Documents\JeremyFontenot.online\_content\docs\archive\scripts\docs\m365-documentation-archive\html",".html"
"Change-Exchange-Online-20260223-0409.html","C:\Users\jeremy\Documents\JeremyFontenot.online\_content\docs\archive\scripts\docs\m365-documentation-archive\html",".html"
"Change-Exchange-Online-20260223-0417.html","C:\Users\jeremy\Documents\JeremyFontenot.online\_content\docs\archive\scripts\docs\m365-documentation-archive\html",".html"
"Change-Exchange-Online-20260223-0426.html","C:\Users\jeremy\Documents\JeremyFontenot.online\_content\docs\archive\scripts\docs\m365-documentation-archive\html",".html"
"Change-Exchange-Online-20260223-0738.html","C:\Users\jeremy\Documents\JeremyFontenot.online\_content\docs\archive\scripts\docs\m365-documentation-archive\html",".html"
"Change-Exchange-Online-20260223-0742.html","C:\Users\jeremy\Documents\JeremyFontenot.online\_content\docs\archive\scripts\docs\m365-documentation-archive\html",".html"
"Change-Home-20260227-1151.html","C:\Users\jeremy\Documents\JeremyFontenot.online\_content\docs\archive\scripts\docs\m365-documentation-archive\html",".html"
"Change-Home-20260227-1753.html","C:\Users\jeremy\Documents\JeremyFontenot.online\_content\docs\archive\scripts\docs\m365-documentation-archive\html",".html"
"Change-Home-20260305-0200.html","C:\Users\jeremy\Documents\JeremyFontenot.online\_content\docs\archive\scripts\docs\m365-documentation-archive\html",".html"
"Change-Home-20260306-0345.html","C:\Users\jeremy\Documents\JeremyFontenot.online\_content\docs\archive\scripts\docs\m365-documentation-archive\html",".html"
"Change-Home-20260314-1157.html","C:\Users\jeremy\Documents\JeremyFontenot.online\_content\docs\archive\scripts\docs\m365-documentation-archive\html",".html"
"Change-Home-20260330-0918.html","C:\Users\jeremy\Documents\JeremyFontenot.online\_content\docs\archive\scripts\docs\m365-documentation-archive\html",".html"
"Change-Home-20260401-1000.html","C:\Users\jeremy\Documents\JeremyFontenot.online\_content\docs\archive\scripts\docs\m365-documentation-archive\html",".html"
"Change-Identity-20260307-0200.html","C:\Users\jeremy\Documents\JeremyFontenot.online\_content\docs\archive\scripts\docs\m365-documentation-archive\html",".html"
"Change-Identity-and-Security-20260223-0409.html","C:\Users\jeremy\Documents\JeremyFontenot.online\_content\docs\archive\scripts\docs\m365-documentation-archive\html",".html"
"Change-Identity-and-Security-20260223-0417.html","C:\Users\jeremy\Documents\JeremyFontenot.online\_content\docs\archive\scripts\docs\m365-documentation-archive\html",".html"
"Change-Identity-and-Security-20260223-0426.html","C:\Users\jeremy\Documents\JeremyFontenot.online\_content\docs\archive\scripts\docs\m365-documentation-archive\html",".html"
"Change-Identity-and-Security-20260223-0738.html","C:\Users\jeremy\Documents\JeremyFontenot.online\_content\docs\archive\scripts\docs\m365-documentation-archive\html",".html"
"Change-Identity-and-Security-20260223-0742.html","C:\Users\jeremy\Documents\JeremyFontenot.online\_content\docs\archive\scripts\docs\m365-documentation-archive\html",".html"
"Change-Identity-and-Security-20260403-0300.html","C:\Users\jeremy\Documents\JeremyFontenot.online\_content\docs\archive\scripts\docs\m365-documentation-archive\html",".html"
"Change-Intune-20260307-0200.html","C:\Users\jeremy\Documents\JeremyFontenot.online\_content\docs\archive\scripts\docs\m365-documentation-archive\html",".html"
"Change-Lab-Overview-20260307-0200.html","C:\Users\jeremy\Documents\JeremyFontenot.online\_content\docs\archive\scripts\docs\m365-documentation-archive\html",".html"
"Change-Log.html","C:\Users\jeremy\Documents\JeremyFontenot.online\_content\docs\archive\scripts\docs\m365-documentation-archive\html",".html"
"Change-New-Home-20260223-0410.html","C:\Users\jeremy\Documents\JeremyFontenot.online\_content\docs\archive\scripts\docs\m365-documentation-archive\html",".html"
"Change-New-Home-20260223-0418.html","C:\Users\jeremy\Documents\JeremyFontenot.online\_content\docs\archive\scripts\docs\m365-documentation-archive\html",".html"
"Change-New-Home-20260223-0427.html","C:\Users\jeremy\Documents\JeremyFontenot.online\_content\docs\archive\scripts\docs\m365-documentation-archive\html",".html"
"Change-New-Home-20260223-0738.html","C:\Users\jeremy\Documents\JeremyFontenot.online\_content\docs\archive\scripts\docs\m365-documentation-archive\html",".html"
"Change-New-Home-20260223-0742.html","C:\Users\jeremy\Documents\JeremyFontenot.online\_content\docs\archive\scripts\docs\m365-documentation-archive\html",".html"
"Change-New-Home-20260227-0849.html","C:\Users\jeremy\Documents\JeremyFontenot.online\_content\docs\archive\scripts\docs\m365-documentation-archive\html",".html"
"Change-New-Home-20260227-1151.html","C:\Users\jeremy\Documents\JeremyFontenot.online\_content\docs\archive\scripts\docs\m365-documentation-archive\html",".html"
"Change-New-Home-20260227-1753.html","C:\Users\jeremy\Documents\JeremyFontenot.online\_content\docs\archive\scripts\docs\m365-documentation-archive\html",".html"
"Change-Portfolio-Summary-20260306-0345.html","C:\Users\jeremy\Documents\JeremyFontenot.online\_content\docs\archive\scripts\docs\m365-documentation-archive\html",".html"
"Change-Power-Platform-20260223-0410.html","C:\Users\jeremy\Documents\JeremyFontenot.online\_content\docs\archive\scripts\docs\m365-documentation-archive\html",".html"
"Change-Power-Platform-20260223-0418.html","C:\Users\jeremy\Documents\JeremyFontenot.online\_content\docs\archive\scripts\docs\m365-documentation-archive\html",".html"
"Change-Power-Platform-20260223-0427.html","C:\Users\jeremy\Documents\JeremyFontenot.online\_content\docs\archive\scripts\docs\m365-documentation-archive\html",".html"
"Change-Power-Platform-20260223-0738.html","C:\Users\jeremy\Documents\JeremyFontenot.online\_content\docs\archive\scripts\docs\m365-documentation-archive\html",".html"
"Change-Power-Platform-20260223-0742.html","C:\Users\jeremy\Documents\JeremyFontenot.online\_content\docs\archive\scripts\docs\m365-documentation-archive\html",".html"
"Change-Scripts-and-Automation-20260223-0410.html","C:\Users\jeremy\Documents\JeremyFontenot.online\_content\docs\archive\scripts\docs\m365-documentation-archive\html",".html"
"Change-Scripts-and-Automation-20260223-0418.html","C:\Users\jeremy\Documents\JeremyFontenot.online\_content\docs\archive\scripts\docs\m365-documentation-archive\html",".html"
"Change-Scripts-and-Automation-20260223-0427.html","C:\Users\jeremy\Documents\JeremyFontenot.online\_content\docs\archive\scripts\docs\m365-documentation-archive\html",".html"
"Change-Scripts-and-Automation-20260223-0738.html","C:\Users\jeremy\Documents\JeremyFontenot.online\_content\docs\archive\scripts\docs\m365-documentation-archive\html",".html"
"Change-Scripts-and-Automation-20260223-0742.html","C:\Users\jeremy\Documents\JeremyFontenot.online\_content\docs\archive\scripts\docs\m365-documentation-archive\html",".html"
"Change-Scripts-Used_BACKUP_20260227-205559-20260228-0200.html","C:\Users\jeremy\Documents\JeremyFontenot.online\_content\docs\archive\scripts\docs\m365-documentation-archive\html",".html"
"Change-Scripts-Used-20260223-0409.html","C:\Users\jeremy\Documents\JeremyFontenot.online\_content\docs\archive\scripts\docs\m365-documentation-archive\html",".html"
"Change-Scripts-Used-20260223-0417.html","C:\Users\jeremy\Documents\JeremyFontenot.online\_content\docs\archive\scripts\docs\m365-documentation-archive\html",".html"
"Change-Scripts-Used-20260223-0426.html","C:\Users\jeremy\Documents\JeremyFontenot.online\_content\docs\archive\scripts\docs\m365-documentation-archive\html",".html"
"Change-Scripts-Used-20260223-0737.html","C:\Users\jeremy\Documents\JeremyFontenot.online\_content\docs\archive\scripts\docs\m365-documentation-archive\html",".html"
"Change-Scripts-Used-20260223-0741.html","C:\Users\jeremy\Documents\JeremyFontenot.online\_content\docs\archive\scripts\docs\m365-documentation-archive\html",".html"
"Change-Security-20260307-0200.html","C:\Users\jeremy\Documents\JeremyFontenot.online\_content\docs\archive\scripts\docs\m365-documentation-archive\html",".html"
"Change-Validation-20260306-0345.html","C:\Users\jeremy\Documents\JeremyFontenot.online\_content\docs\archive\scripts\docs\m365-documentation-archive\html",".html"
"Change-Validation-Results.html","C:\Users\jeremy\Documents\JeremyFontenot.online\_content\docs\archive\scripts\docs\m365-documentation-archive\html",".html"
"Cleanup-Summary.html","C:\Users\jeremy\Documents\JeremyFontenot.online\_content\docs\archive\scripts\docs\m365-documentation-archive\html",".html"
"Collaboration.html","C:\Users\jeremy\Documents\JeremyFontenot.online\_content\docs\archive\scripts\docs\m365-documentation-archive\html",".html"
"Conditional-Access.html","C:\Users\jeremy\Documents\JeremyFontenot.online\_content\docs\archive\scripts\docs\m365-documentation-archive\html",".html"
"Endpoint-Management-Intune.html","C:\Users\jeremy\Documents\JeremyFontenot.online\_content\docs\archive\scripts\docs\m365-documentation-archive\html",".html"
"Endpoint-Management.html","C:\Users\jeremy\Documents\JeremyFontenot.online\_content\docs\archive\scripts\docs\m365-documentation-archive\html",".html"
"Exchange-Online.html","C:\Users\jeremy\Documents\JeremyFontenot.online\_content\docs\archive\scripts\docs\m365-documentation-archive\html",".html"
"Exchange-Setup.html","C:\Users\jeremy\Documents\JeremyFontenot.online\_content\docs\archive\scripts\docs\m365-documentation-archive\html",".html"
"Exchange.html","C:\Users\jeremy\Documents\JeremyFontenot.online\_content\docs\archive\scripts\docs\m365-documentation-archive\html",".html"
"Final-Deliverables.html","C:\Users\jeremy\Documents\JeremyFontenot.online\_content\docs\archive\scripts\docs\m365-documentation-archive\html",".html"
"Home.html","C:\Users\jeremy\Documents\JeremyFontenot.online\_content\docs\archive\scripts\docs\m365-documentation-archive\html",".html"
"Identity-and-Security.html","C:\Users\jeremy\Documents\JeremyFontenot.online\_content\docs\archive\scripts\docs\m365-documentation-archive\html",".html"
"Identity-Setup.html","C:\Users\jeremy\Documents\JeremyFontenot.online\_content\docs\archive\scripts\docs\m365-documentation-archive\html",".html"
"Identity.html","C:\Users\jeremy\Documents\JeremyFontenot.online\_content\docs\archive\scripts\docs\m365-documentation-archive\html",".html"
"index.html","C:\Users\jeremy\Documents\JeremyFontenot.online\_content\docs\archive\scripts\docs\m365-documentation-archive\html",".html"
"Intune-Setup.html","C:\Users\jeremy\Documents\JeremyFontenot.online\_content\docs\archive\scripts\docs\m365-documentation-archive\html",".html"
"Intune.html","C:\Users\jeremy\Documents\JeremyFontenot.online\_content\docs\archive\scripts\docs\m365-documentation-archive\html",".html"
"Lab-Overview.html","C:\Users\jeremy\Documents\JeremyFontenot.online\_content\docs\archive\scripts\docs\m365-documentation-archive\html",".html"
"MFA-Enforcement.html","C:\Users\jeremy\Documents\JeremyFontenot.online\_content\docs\archive\scripts\docs\m365-documentation-archive\html",".html"
"New-Home.html","C:\Users\jeremy\Documents\JeremyFontenot.online\_content\docs\archive\scripts\docs\m365-documentation-archive\html",".html"
"Operations.html","C:\Users\jeremy\Documents\JeremyFontenot.online\_content\docs\archive\scripts\docs\m365-documentation-archive\html",".html"
"Portfolio-Summary.html","C:\Users\jeremy\Documents\JeremyFontenot.online\_content\docs\archive\scripts\docs\m365-documentation-archive\html",".html"
"Power-Platform.html","C:\Users\jeremy\Documents\JeremyFontenot.online\_content\docs\archive\scripts\docs\m365-documentation-archive\html",".html"
"Resume-Summary.html","C:\Users\jeremy\Documents\JeremyFontenot.online\_content\docs\archive\scripts\docs\m365-documentation-archive\html",".html"
"Scripts-and-Automation.html","C:\Users\jeremy\Documents\JeremyFontenot.online\_content\docs\archive\scripts\docs\m365-documentation-archive\html",".html"
"Scripts-Automation.html","C:\Users\jeremy\Documents\JeremyFontenot.online\_content\docs\archive\scripts\docs\m365-documentation-archive\html",".html"
"Scripts-Used_BACKUP_20260227-205559.html","C:\Users\jeremy\Documents\JeremyFontenot.online\_content\docs\archive\scripts\docs\m365-documentation-archive\html",".html"
"Scripts-Used_BACKUP_20260227-210344.html","C:\Users\jeremy\Documents\JeremyFontenot.online\_content\docs\archive\scripts\docs\m365-documentation-archive\html",".html"
"Scripts-Used_BACKUP_20260227-210614.html","C:\Users\jeremy\Documents\JeremyFontenot.online\_content\docs\archive\scripts\docs\m365-documentation-archive\html",".html"
"Scripts-Used.html","C:\Users\jeremy\Documents\JeremyFontenot.online\_content\docs\archive\scripts\docs\m365-documentation-archive\html",".html"
"Security-Baselines.html","C:\Users\jeremy\Documents\JeremyFontenot.online\_content\docs\archive\scripts\docs\m365-documentation-archive\html",".html"
"Security-Overview.html","C:\Users\jeremy\Documents\JeremyFontenot.online\_content\docs\archive\scripts\docs\m365-documentation-archive\html",".html"
"Security.html","C:\Users\jeremy\Documents\JeremyFontenot.online\_content\docs\archive\scripts\docs\m365-documentation-archive\html",".html"
"SharePoint-OneDrive.html","C:\Users\jeremy\Documents\JeremyFontenot.online\_content\docs\archive\scripts\docs\m365-documentation-archive\html",".html"
"Start-Here.html","C:\Users\jeremy\Documents\JeremyFontenot.online\_content\docs\archive\scripts\docs\m365-documentation-archive\html",".html"
"Teams-Setup.html","C:\Users\jeremy\Documents\JeremyFontenot.online\_content\docs\archive\scripts\docs\m365-documentation-archive\html",".html"
"Teams.html","C:\Users\jeremy\Documents\JeremyFontenot.online\_content\docs\archive\scripts\docs\m365-documentation-archive\html",".html"
"Validation-Audit.html","C:\Users\jeremy\Documents\JeremyFontenot.online\_content\docs\archive\scripts\docs\m365-documentation-archive\html",".html"
"Validation-Results.html","C:\Users\jeremy\Documents\JeremyFontenot.online\_content\docs\archive\scripts\docs\m365-documentation-archive\html",".html"
"Validation.html","C:\Users\jeremy\Documents\JeremyFontenot.online\_content\docs\archive\scripts\docs\m365-documentation-archive\html",".html"
"index.html","C:\Users\jeremy\Documents\JeremyFontenot.online\_content\docs\archive\scripts\docs\script-documentation",".html"
"summary.json","C:\Users\jeremy\Documents\JeremyFontenot.online\_content\docs\archive\scripts\docs\script-documentation",".json"
"validation-results.csv","C:\Users\jeremy\Documents\JeremyFontenot.online\_content\docs\archive\scripts\docs\script-documentation",".csv"
"validation-results.json","C:\Users\jeremy\Documents\JeremyFontenot.online\_content\docs\archive\scripts\docs\script-documentation",".json"
"index.html","C:\Users\jeremy\Documents\JeremyFontenot.online\_content\docs\archive\scripts\docs\script-documentation\library",".html"
"index.html","C:\Users\jeremy\Documents\JeremyFontenot.online\_content\docs\archive\scripts\docs\script-documentation\library\m365-automation",".html"
"index.html","C:\Users\jeremy\Documents\JeremyFontenot.online\_content\docs\archive\scripts\docs\script-documentation\library\m365-cloud-lab-scripts",".html"
"index.html","C:\Users\jeremy\Documents\JeremyFontenot.online\_content\docs\archive\scripts\docs\script-documentation\library\m365-scripts",".html"
"index.html","C:\Users\jeremy\Documents\JeremyFontenot.online\_content\docs\archive\scripts\docs\script-documentation\library\powershell",".html"
"index.html","C:\Users\jeremy\Documents\JeremyFontenot.online\_content\docs\archive\scripts\docs\script-documentation\library\scriptpack",".html"
"index.html","C:\Users\jeremy\Documents\JeremyFontenot.online\_content\docs\archive\scripts\docs\script-documentation\library\scripts",".html"
"index.html","C:\Users\jeremy\Documents\JeremyFontenot.online\_content\docs\archive\scripts\docs\script-documentation\library\windows-powershell",".html"
